{
	"agcgw":{
		"backurl":"connect-dra.hispace.hicloud.com",
		"url":"connect-dra.dbankcloud.cn",
		"websocketbackurl":"connect-ws-dra.hispace.dbankcloud.com",
		"websocketurl":"connect-ws-dra.hispace.dbankcloud.cn"
	},
	"agcgw_all":{
		"CN":"connect-drcn.dbankcloud.cn",
		"CN_back":"connect-drcn.hispace.hicloud.com",
		"DE":"connect-dre.dbankcloud.cn",
		"DE_back":"connect-dre.hispace.hicloud.com",
		"RU":"connect-drru.hispace.dbankcloud.ru",
		"RU_back":"connect-drru.hispace.dbankcloud.cn",
		"SG":"connect-dra.dbankcloud.cn",
		"SG_back":"connect-dra.hispace.hicloud.com"
	},
	"websocketgw_all":{
		"CN":"connect-ws-drcn.hispace.dbankcloud.cn",
		"CN_back":"connect-ws-drcn.hispace.dbankcloud.com",
		"DE":"connect-ws-dre.hispace.dbankcloud.cn",
		"DE_back":"connect-ws-dre.hispace.dbankcloud.com",
		"RU":"connect-ws-drru.hispace.dbankcloud.ru",
		"RU_back":"connect-ws-drru.hispace.dbankcloud.cn",
		"SG":"connect-ws-dra.hispace.dbankcloud.cn",
		"SG_back":"connect-ws-dra.hispace.dbankcloud.com"
	},
	"client":{
		"cp_id":"2640971000001226584",
		"product_id":"388421841221437042",
		"client_id":"1141277412680551936",
		"client_secret":"7EC12C1371E11C1FFB5C3605F239C5DC3CBB0E470AD9EDF7C89C1135F0A741FB",
		"project_id":"388421841221437042",
		"app_id":"108141469",
		"api_key":"DAEDAAVj6ErIpLOOMfF8Jj8vL605Mh8Zymzddx1dygK2XY8d5tex8YwJUQdmszRC1QzS0wmq+Wx3qcEt9DcL6NzQW2U1cKri9aNRxQ==",
		"package_name":"com.younes.sms_demo"
	},
	"oauth_client":{
		"client_id":"108141469",
		"client_type":1
	},
	"app_info":{
		"app_id":"108141469",
		"package_name":"com.younes.sms_demo"
	},
	"service":{
		"analytics":{
			"collector_url":"datacollector-dra.dt.hicloud.com,datacollector-dra.dt.dbankcloud.cn",
			"collector_url_ru":"datacollector-drru.dt.dbankcloud.ru,datacollector-drru.dt.hicloud.com",
			"collector_url_sg":"datacollector-dra.dt.hicloud.com,datacollector-dra.dt.dbankcloud.cn",
			"collector_url_de":"datacollector-dre.dt.hicloud.com,datacollector-dre.dt.dbankcloud.cn",
			"collector_url_cn":"datacollector-drcn.dt.hicloud.com,datacollector-drcn.dt.dbankcloud.cn",
			"resource_id":"p1",
			"channel_id":""
		},
		"edukit":{
			"edu_url":"edukit.edu.cloud.huawei.com.cn",
			"dh_url":"edukit.edu.cloud.huawei.com.cn"
		},
		"search":{
			"url":"https://search-dra.cloud.huawei.com"
		},
		"cloudstorage":{
			"storage_url_sg_back":"https://agc-storage-dra.cloud.huawei.asia",
			"storage_url_ru_back":"https://agc-storage-drru.cloud.huawei.ru",
			"storage_url_ru":"https://agc-storage-drru.cloud.huawei.ru",
			"storage_url_de_back":"https://agc-storage-dre.cloud.huawei.eu",
			"storage_url_de":"https://ops-dre.agcstorage.link",
			"storage_url":"https://agc-storage-drcn.platform.dbankcloud.cn",
			"storage_url_sg":"https://ops-dra.agcstorage.link",
			"storage_url_cn_back":"https://agc-storage-drcn.cloud.huawei.com.cn",
			"storage_url_cn":"https://agc-storage-drcn.platform.dbankcloud.cn"
		},
		"ml":{
			"mlservice_url":"ml-api-dra.ai.dbankcloud.com,ml-api-dra.ai.dbankcloud.cn"
		}
	},
	"region":"SG",
	"configuration_version":"3.0",
	"appInfos":[
		{
			"package_name":"com.younes.sms_demo",
			"client":{
				"app_id":"108141469"
			},
			"app_info":{
				"package_name":"com.younes.sms_demo",
				"app_id":"108141469"
			},
			"oauth_client":{
				"client_type":1,
				"client_id":"108141469"
			}
		}
	]
}